{
  "raw_text": "中国北京汽车集团越野车有限公司制造\n车辆识别代号LNBRCFHK4PB821382\n品牌：\n北京牌\n驱动电机型号：TZ180XS5024\nA156T2H\n发动机型号：A\n北\nTZ22011806\n最大允许总质量：3140Lg\n发动机最大净功率：130kW\n驱动电机峰值功率：153/250kW\n动力电池系统额定电压：355.2V\n动力电池系统额定容量：113.5Ah\n制造年月：2023-07\n5岁\n乘坐人数：",
  "fields": {
    "vin": "LNBRCFHK4PB821382",
    "engine_model": "A156T2H",
    "engine_max_net_power_kw": "130",
    "max_allowed_total_mass_kg": "3140",
    "seats": "5",
    "manufacture_date": "2023-07",
    "drive_motor_model": "TZ180XS5024",
    "motor_peak_power_kw": "153/250",
    "battery_voltage_v": "355.2",
    "battery_capacity_ah": "113.5"
  },
  "ocr_lines": [
    {
      "text": "中国北京汽车集团越野车有限公司制造",
      "norm_text": "中国北京汽车集团越野车有限公司制造",
      "score": 0.9959397315979004,
      "box": [
        [
          126.0,
          22.0
        ],
        [
          899.0,
          17.0
        ],
        [
          899.0,
          70.0
        ],
        [
          126.0,
          74.0
        ]
      ],
      "x1": 126,
      "y1": 17,
      "x2": 899,
      "y2": 74,
      "cx": 512,
      "cy": 45,
      "w": 773,
      "h": 57
    },
    {
      "text": "车辆识别代号LNBRCFHK4PB821382",
      "norm_text": "车辆识别代号LNBRCFHK4PB821382",
      "score": 0.9962291717529297,
      "box": [
        [
          78.0,
          89.0
        ],
        [
          918.0,
          80.0
        ],
        [
          919.0,
          132.0
        ],
        [
          78.0,
          140.0
        ]
      ],
      "x1": 78,
      "y1": 80,
      "x2": 919,
      "y2": 140,
      "cx": 498,
      "cy": 110,
      "w": 841,
      "h": 60
    },
    {
      "text": "品牌：",
      "norm_text": "品牌：",
      "score": 0.9865288734436035,
      "box": [
        [
          90.0,
          147.0
        ],
        [
          156.0,
          147.0
        ],
        [
          156.0,
          200.0
        ],
        [
          90.0,
          200.0
        ]
      ],
      "x1": 90,
      "y1": 147,
      "x2": 156,
      "y2": 200,
      "cx": 123,
      "cy": 173,
      "w": 66,
      "h": 53
    },
    {
      "text": "北京牌",
      "norm_text": "北京牌",
      "score": 0.9997873902320862,
      "box": [
        [
          261.0,
          142.0
        ],
        [
          351.0,
          145.0
        ],
        [
          348.0,
          206.0
        ],
        [
          259.0,
          203.0
        ]
      ],
      "x1": 259,
      "y1": 142,
      "x2": 351,
      "y2": 206,
      "cx": 305,
      "cy": 174,
      "w": 92,
      "h": 64
    },
    {
      "text": "驱动电机型号：TZ180XS5024",
      "norm_text": "驱动电机型号：TZ180XS5024",
      "score": 0.9471984505653381,
      "box": [
        [
          570.0,
          207.0
        ],
        [
          948.0,
          204.0
        ],
        [
          948.0,
          250.0
        ],
        [
          570.0,
          253.0
        ]
      ],
      "x1": 570,
      "y1": 204,
      "x2": 948,
      "y2": 253,
      "cx": 759,
      "cy": 228,
      "w": 378,
      "h": 49
    },
    {
      "text": "A156T2H",
      "norm_text": "A156T2H",
      "score": 0.932993471622467,
      "box": [
        [
          262.0,
          210.0
        ],
        [
          427.0,
          210.0
        ],
        [
          427.0,
          253.0
        ],
        [
          262.0,
          253.0
        ]
      ],
      "x1": 262,
      "y1": 210,
      "x2": 427,
      "y2": 253,
      "cx": 344,
      "cy": 231,
      "w": 165,
      "h": 43
    },
    {
      "text": "发动机型号：A",
      "norm_text": "发动机型号：A",
      "score": 0.9313195943832397,
      "box": [
        [
          87.0,
          208.0
        ],
        [
          288.0,
          205.0
        ],
        [
          289.0,
          256.0
        ],
        [
          88.0,
          260.0
        ]
      ],
      "x1": 87,
      "y1": 205,
      "x2": 289,
      "y2": 260,
      "cx": 188,
      "cy": 232,
      "w": 202,
      "h": 55
    },
    {
      "text": "北",
      "norm_text": "北",
      "score": 0.9873852729797363,
      "box": [
        [
          30.0,
          255.0
        ],
        [
          83.0,
          255.0
        ],
        [
          83.0,
          302.0
        ],
        [
          30.0,
          302.0
        ]
      ],
      "x1": 30,
      "y1": 255,
      "x2": 83,
      "y2": 302,
      "cx": 56,
      "cy": 278,
      "w": 53,
      "h": 47
    },
    {
      "text": "TZ22011806",
      "norm_text": "TZ22011806",
      "score": 0.8875343203544617,
      "box": [
        [
          720.0,
          263.0
        ],
        [
          952.0,
          260.0
        ],
        [
          952.0,
          303.0
        ],
        [
          720.0,
          305.0
        ]
      ],
      "x1": 720,
      "y1": 260,
      "x2": 952,
      "y2": 305,
      "cx": 836,
      "cy": 282,
      "w": 232,
      "h": 45
    },
    {
      "text": "最大允许总质量：3140Lg",
      "norm_text": "最大允许总质量：3140LG",
      "score": 0.8961376547813416,
      "box": [
        [
          570.0,
          311.0
        ],
        [
          985.0,
          309.0
        ],
        [
          986.0,
          361.0
        ],
        [
          570.0,
          364.0
        ]
      ],
      "x1": 570,
      "y1": 309,
      "x2": 986,
      "y2": 364,
      "cx": 778,
      "cy": 336,
      "w": 416,
      "h": 55
    },
    {
      "text": "发动机最大净功率：130kW",
      "norm_text": "发动机最大净功率：130KW",
      "score": 0.983336329460144,
      "box": [
        [
          92.0,
          325.0
        ],
        [
          431.0,
          319.0
        ],
        [
          431.0,
          361.0
        ],
        [
          93.0,
          367.0
        ]
      ],
      "x1": 92,
      "y1": 319,
      "x2": 431,
      "y2": 367,
      "cx": 261,
      "cy": 343,
      "w": 339,
      "h": 48
    },
    {
      "text": "驱动电机峰值功率：153/250kW",
      "norm_text": "驱动电机峰值功率：153/250KW",
      "score": 0.9847685694694519,
      "box": [
        [
          89.0,
          384.0
        ],
        [
          518.0,
          374.0
        ],
        [
          519.0,
          417.0
        ],
        [
          90.0,
          427.0
        ]
      ],
      "x1": 89,
      "y1": 374,
      "x2": 519,
      "y2": 427,
      "cx": 304,
      "cy": 400,
      "w": 430,
      "h": 53
    },
    {
      "text": "动力电池系统额定电压：355.2V",
      "norm_text": "动力电池系统额定电压：355.2V",
      "score": 0.9871553778648376,
      "box": [
        [
          87.0,
          442.0
        ],
        [
          529.0,
          431.0
        ],
        [
          531.0,
          476.0
        ],
        [
          88.0,
          487.0
        ]
      ],
      "x1": 87,
      "y1": 431,
      "x2": 531,
      "y2": 487,
      "cx": 309,
      "cy": 459,
      "w": 444,
      "h": 56
    },
    {
      "text": "动力电池系统额定容量：113.5Ah",
      "norm_text": "动力电池系统额定容量：113.5AH",
      "score": 0.974345862865448,
      "box": [
        [
          89.0,
          501.0
        ],
        [
          551.0,
          482.0
        ],
        [
          553.0,
          532.0
        ],
        [
          91.0,
          550.0
        ]
      ],
      "x1": 89,
      "y1": 482,
      "x2": 553,
      "y2": 550,
      "cx": 321,
      "cy": 516,
      "w": 464,
      "h": 68
    },
    {
      "text": "制造年月：2023-07",
      "norm_text": "制造年月：2023-07",
      "score": 0.9691731929779053,
      "box": [
        [
          574.0,
          535.0
        ],
        [
          848.0,
          523.0
        ],
        [
          851.0,
          581.0
        ],
        [
          577.0,
          593.0
        ]
      ],
      "x1": 574,
      "y1": 523,
      "x2": 851,
      "y2": 593,
      "cx": 712,
      "cy": 558,
      "w": 277,
      "h": 70
    },
    {
      "text": "5岁",
      "norm_text": "5岁",
      "score": 0.5629206299781799,