{
  "raw_text": "中国北京汽车集团越野车有限公司制造\n车辆识别代号LNBRCFHK4SB821382\n品牌：\n北京牌\n驱动电机型号：TZ180】S5021\nA156T2H\n发动机型号：\n北\nT222011806\n最大允许总质量：3140Lg\n发动机最大净功率：130kW\n友\n驱动电机峰值功率：153/250kW\n动力电池系统额定电压：355.2V\n动力电池系统额定容量：113.5Ah\n制造年月：2025-05\n5安\n乘坐人数：",
  "fields": {
    "vin": "LNBRCFHK4SB821382",
    "engine_model": "A156T2H",
    "engine_max_net_power_kw": "130",
    "max_allowed_total_mass_kg": "3140",
    "seats": "5",
    "manufacture_date": "2025-05",
    "drive_motor_model": "TZ180",
    "motor_peak_power_kw": "153/250",
    "battery_voltage_v": "355.2",
    "battery_capacity_ah": "113.5"
  },
  "ocr_lines": [
    {
      "text": "中国北京汽车集团越野车有限公司制造",
      "norm_text": "中国北京汽车集团越野车有限公司制造",
      "score": 0.99385005235672,
      "box": [
        [
          122.0,
          17.0
        ],
        [
          900.0,
          12.0
        ],
        [
          900.0,
          66.0
        ],
        [
          122.0,
          70.0
        ]
      ],
      "x1": 122,
      "y1": 12,
      "x2": 900,
      "y2": 70,
      "cx": 511,
      "cy": 41,
      "w": 778,
      "h": 58
    },
    {
      "text": "车辆识别代号LNBRCFHK4SB821382",
      "norm_text": "车辆识别代号LNBRCFHK4SB821382",
      "score": 0.9972858428955078,
      "box": [
        [
          71.0,
          83.0
        ],
        [
          921.0,
          76.0
        ],
        [
          921.0,
          128.0
        ],
        [
          71.0,
          135.0
        ]
      ],
      "x1": 71,
      "y1": 76,
      "x2": 921,
      "y2": 135,
      "cx": 496,
      "cy": 105,
      "w": 850,
      "h": 59
    },
    {
      "text": "品牌：",
      "norm_text": "品牌：",
      "score": 0.9893012642860413,
      "box": [
        [
          84.0,
          140.0
        ],
        [
          152.0,
          144.0
        ],
        [
          149.0,
          198.0
        ],
        [
          81.0,
          195.0
        ]
      ],
      "x1": 81,
      "y1": 140,
      "x2": 152,
      "y2": 198,
      "cx": 116,
      "cy": 169,
      "w": 71,
      "h": 58
    },
    {
      "text": "北京牌",
      "norm_text": "北京牌",
      "score": 0.9999029636383057,
      "box": [
        [
          259.0,
          140.0
        ],
        [
          345.0,
          140.0
        ],
        [
          345.0,
          199.0
        ],
        [
          259.0,
          199.0
        ]
      ],
      "x1": 259,
      "y1": 140,
      "x2": 345,
      "y2": 199,
      "cx": 302,
      "cy": 169,
      "w": 86,
      "h": 59
    },
    {
      "text": "驱动电机型号：TZ180】S5021",
      "norm_text": "驱动电机型号：TZ180】S5021",
      "score": 0.9283673763275146,
      "box": [
        [
          567.0,
          203.0
        ],
        [
          948.0,
          203.0
        ],
        [
          948.0,
          250.0
        ],
        [
          567.0,
          250.0
        ]
      ],
      "x1": 567,
      "y1": 203,
      "x2": 948,
      "y2": 250,
      "cx": 757,
      "cy": 226,
      "w": 381,
      "h": 47
    },
    {
      "text": "A156T2H",
      "norm_text": "A156T2H",
      "score": 0.9775195717811584,
      "box": [
        [
          264.0,
          206.0
        ],
        [
          425.0,
          206.0
        ],
        [
          425.0,
          250.0
        ],
        [
          264.0,
          250.0
        ]
      ],
      "x1": 264,
      "y1": 206,
      "x2": 425,
      "y2": 250,
      "cx": 344,
      "cy": 228,
      "w": 161,
      "h": 44
    },
    {
      "text": "发动机型号：",
      "norm_text": "发动机型号：",
      "score": 0.9870428442955017,
      "box": [
        [
          82.0,
          202.0
        ],
        [
          224.0,
          202.0
        ],
        [
          224.0,
          256.0
        ],
        [
          82.0,
          256.0
        ]
      ],
      "x1": 82,
      "y1": 202,
      "x2": 224,
      "y2": 256,
      "cx": 153,
      "cy": 229,
      "w": 142,
      "h": 54
    },
    {
      "text": "北",
      "norm_text": "北",
      "score": 0.9644650220870972,
      "box": [
        [
          19.0,
          249.0
        ],
        [
          90.0,
          249.0
        ],
        [
          90.0,
          300.0
        ],
        [
          19.0,
          300.0
        ]
      ],
      "x1": 19,
      "y1": 249,
      "x2": 90,
      "y2": 300,
      "cx": 54,
      "cy": 274,
      "w": 71,
      "h": 51
    },
    {
      "text": "T222011806",
      "norm_text": "T222011806",
      "score": 0.9076410531997681,
      "box": [
        [
          720.0,
          260.0
        ],
        [
          954.0,
          256.0
        ],
        [
          954.0,
          298.0
        ],
        [
          720.0,
          302.0
        ]
      ],
      "x1": 720,
      "y1": 256,
      "x2": 954,
      "y2": 302,
      "cx": 837,
      "cy": 279,
      "w": 234,
      "h": 46
    },
    {
      "text": "最大允许总质量：3140Lg",
      "norm_text": "最大允许总质量：3140LG",
      "score": 0.9551421403884888,
      "box": [
        [
          567.0,
          308.0
        ],
        [
          987.0,
          306.0
        ],
        [
          988.0,
          359.0
        ],
        [
          567.0,
          361.0
        ]
      ],
      "x1": 567,
      "y1": 306,
      "x2": 988,
      "y2": 361,
      "cx": 777,
      "cy": 333,
      "w": 421,
      "h": 55
    },
    {
      "text": "发动机最大净功率：130kW",
      "norm_text": "发动机最大净功率：130KW",
      "score": 0.9809749722480774,
      "box": [
        [
          85.0,
          319.0
        ],
        [
          431.0,
          315.0
        ],
        [
          431.0,
          361.0
        ],
        [
          86.0,
          365.0
        ]
      ],
      "x1": 85,
      "y1": 315,
      "x2": 431,
      "y2": 365,
      "cx": 258,
      "cy": 340,
      "w": 346,
      "h": 50
    },
    {
      "text": "友",
      "norm_text": "友",
      "score": 0.6739572286605835,
      "box": [
        [
          783.0,
          376.0
        ],
        [
          842.0,
          376.0
        ],
        [
          842.0,
          418.0
        ],
        [
          783.0,
          418.0
        ]
      ],
      "x1": 783,
      "y1": 376,
      "x2": 842,
      "y2": 418,
      "cx": 812,
      "cy": 397,
      "w": 59,
      "h": 42
    },
    {
      "text": "驱动电机峰值功率：153/250kW",
      "norm_text": "驱动电机峰值功率：153/250KW",
      "score": 0.980178952217102,
      "box": [
        [
          84.0,
          382.0
        ],
        [
          517.0,
          370.0
        ],
        [
          518.0,
          414.0
        ],
        [
          85.0,
          426.0
        ]
      ],
      "x1": 84,
      "y1": 370,
      "x2": 518,
      "y2": 426,
      "cx": 301,
      "cy": 398,
      "w": 434,
      "h": 56
    },
    {
      "text": "动力电池系统额定电压：355.2V",
      "norm_text": "动力电池系统额定电压：355.2V",
      "score": 0.9756322503089905,
      "box": [
        [
          83.0,
          440.0
        ],
        [
          527.0,
          426.0
        ],
        [
          529.0,
          473.0
        ],
        [
          84.0,
          487.0
        ]
      ],
      "x1": 83,
      "y1": 426,
      "x2": 529,
      "y2": 487,
      "cx": 306,
      "cy": 456,
      "w": 446,
      "h": 61
    },
    {
      "text": "动力电池系统额定容量：113.5Ah",
      "norm_text": "动力电池系统额定容量：113.5AH",
      "score": 0.9756972789764404,
      "box": [
        [
          81.0,
          498.0
        ],
        [
          553.0,
          477.0
        ],
        [
          556.0,
          531.0
        ],
        [
          83.0,
          553.0
        ]
      ],
      "x1": 81,
      "y1": 477,
      "x2": 556,
      "y2": 553,
      "cx": 318,
      "cy": 515,
      "w": 475,
      "h": 76
    },
    {
      "text": "制造年月：2025-05",
      "norm_text": "制造年月：2025-05",
      "score": 0.9665084481239319,