{
  "raw_text": "中国北京汽车集团越野车有限公司制造\n车新识别代号LNFHCFHK8SBB09786\n品胖:\n北京牌\n发动机型号：\nA156T2H\n驱动电机型号：TZ180XS502A\n发动机排量：1498mL\nTZ220XY806\n发动机最大净功率：130kW\n最大允许总质量：·3140kg\n京\n动力电池系统额定电压：3\n355.2.V\nE\n动力电池系统额定容量：113.5Ah\n乘坐人数：\n5\n制造年月：2025-07",
  "fields": {
    "vin": "LNFHCFHK8SBB09786",
    "engine_model": "A156T2H",
    "engine_displacement": "1498",
    "engine_max_net_power_kw": "130",
    "max_allowed_total_mass_kg": "3140",
    "seats": "5",
    "manufacture_date": "2025-07",
    "drive_motor_model": "TZ180XS502A",
    "battery_voltage_v": "3",
    "battery_capacity_ah": "113.5"
  },
  "ocr_lines": [
    {
      "text": "中国北京汽车集团越野车有限公司制造",
      "norm_text": "中国北京汽车集团越野车有限公司制造",
      "score": 0.9954218864440918,
      "box": [
        [
          110.0,
          25.0
        ],
        [
          876.0,
          31.0
        ],
        [
          876.0,
          78.0
        ],
        [
          109.0,
          71.0
        ]
      ],
      "x1": 109,
      "y1": 25,
      "x2": 876,
      "y2": 78,
      "cx": 492,
      "cy": 51,
      "w": 767,
      "h": 53
    },
    {
      "text": "车新识别代号LNFHCFHK8SBB09786",
      "norm_text": "车辆识别代号LNFHCFHK8SBB09786",
      "score": 0.9909430742263794,
      "box": [
        [
          70.0,
          81.0
        ],
        [
          900.0,
          91.0
        ],
        [
          900.0,
          140.0
        ],
        [
          70.0,
          129.0
        ]
      ],
      "x1": 70,
      "y1": 81,
      "x2": 900,
      "y2": 140,
      "cx": 485,
      "cy": 110,
      "w": 830,
      "h": 59
    },
    {
      "text": "品胖:",
      "norm_text": "品胖：",
      "score": 0.9792194366455078,
      "box": [
        [
          76.0,
          138.0
        ],
        [
          135.0,
          138.0
        ],
        [
          135.0,
          185.0
        ],
        [
          76.0,
          185.0
        ]
      ],
      "x1": 76,
      "y1": 138,
      "x2": 135,
      "y2": 185,
      "cx": 105,
      "cy": 161,
      "w": 59,
      "h": 47
    },
    {
      "text": "北京牌",
      "norm_text": "北京牌",
      "score": 0.9999306797981262,
      "box": [
        [
          237.0,
          138.0
        ],
        [
          314.0,
          141.0
        ],
        [
          312.0,
          192.0
        ],
        [
          235.0,
          189.0
        ]
      ],
      "x1": 235,
      "y1": 138,
      "x2": 314,
      "y2": 192,
      "cx": 274,
      "cy": 165,
      "w": 79,
      "h": 54
    },
    {
      "text": "发动机型号：",
      "norm_text": "发动机型号：",
      "score": 0.9959198832511902,
      "box": [
        [
          74.0,
          192.0
        ],
        [
          206.0,
          192.0
        ],
        [
          206.0,
          240.0
        ],
        [
          74.0,
          240.0
        ]
      ],
      "x1": 74,
      "y1": 192,
      "x2": 206,
      "y2": 240,
      "cx": 140,
      "cy": 216,
      "w": 132,
      "h": 48
    },
    {
      "text": "A156T2H",
      "norm_text": "A156T2H",
      "score": 0.9900346398353577,
      "box": [
        [
          183.0,
          193.0
        ],
        [
          397.0,
          200.0
        ],
        [
          396.0,
          244.0
        ],
        [
          182.0,
          237.0
        ]
      ],
      "x1": 182,
      "y1": 193,
      "x2": 397,
      "y2": 244,
      "cx": 289,
      "cy": 218,
      "w": 215,
      "h": 51
    },
    {
      "text": "驱动电机型号：TZ180XS502A",
      "norm_text": "驱动电机型号：TZ180XS502A",
      "score": 0.9912081956863403,
      "box": [
        [
          534.0,
          202.0
        ],
        [
          938.0,
          215.0
        ],
        [
          937.0,
          258.0
        ],
        [
          533.0,
          246.0
        ]
      ],
      "x1": 533,
      "y1": 202,
      "x2": 938,
      "y2": 258,
      "cx": 735,
      "cy": 230,
      "w": 405,
      "h": 56
    },
    {
      "text": "发动机排量：1498mL",
      "norm_text": "发动机排量：1498ML",
      "score": 0.9790773987770081,
      "box": [
        [
          78.0,
          244.0
        ],
        [
          392.0,
          250.0
        ],
        [
          391.0,
          292.0
        ],
        [
          77.0,
          286.0
        ]
      ],
      "x1": 77,
      "y1": 244,
      "x2": 392,
      "y2": 292,
      "cx": 234,
      "cy": 268,
      "w": 315,
      "h": 48
    },
    {
      "text": "TZ220XY806",
      "norm_text": "TZ220XY806",
      "score": 0.976556658744812,
      "box": [
        [
          703.0,
          262.0
        ],
        [
          941.0,
          270.0
        ],
        [
          940.0,
          310.0
        ],
        [
          702.0,
          302.0
        ]
      ],
      "x1": 702,
      "y1": 262,
      "x2": 941,
      "y2": 310,
      "cx": 821,
      "cy": 286,
      "w": 239,
      "h": 48
    },
    {
      "text": "发动机最大净功率：130kW",
      "norm_text": "发动机最大净功率：130KW",
      "score": 0.9886889457702637,
      "box": [
        [
          77.0,
          294.0
        ],
        [
          402.0,
          302.0
        ],
        [
          401.0,
          342.0
        ],
        [
          76.0,
          333.0
        ]
      ],
      "x1": 76,
      "y1": 294,
      "x2": 402,
      "y2": 342,
      "cx": 239,
      "cy": 318,
      "w": 326,
      "h": 48
    },
    {
      "text": "最大允许总质量：·3140kg",
      "norm_text": "最大允许总质量：·3140KG",
      "score": 0.9213668704032898,
      "box": [
        [
          535.0,
          303.0
        ],
        [
          918.0,
          315.0
        ],
        [
          917.0,
          361.0
        ],
        [
          534.0,
          348.0
        ]
      ],
      "x1": 534,
      "y1": 303,
      "x2": 918,
      "y2": 361,
      "cx": 726,
      "cy": 332,
      "w": 384,
      "h": 58
    },
    {
      "text": "京",
      "norm_text": "京",
      "score": 0.901852011680603,
      "box": [
        [
          454.0,
          336.0
        ],
        [
          531.0,
          319.0
        ],
        [
          540.0,
          358.0
        ],
        [
          463.0,
          375.0
        ]
      ],
      "x1": 454,
      "y1": 319,
      "x2": 540,
      "y2": 375,
      "cx": 497,
      "cy": 347,
      "w": 86,
      "h": 56
    },
    {
      "text": "动力电池系统额定电压：3",
      "norm_text": "动力电池系统额定电压：3",
      "score": 0.9894872307777405,
      "box": [
        [
          75.0,
          400.0
        ],
        [
          361.0,
          409.0
        ],
        [
          360.0,
          448.0
        ],
        [
          74.0,
          439.0
        ]
      ],
      "x1": 74,
      "y1": 400,
      "x2": 361,
      "y2": 448,
      "cx": 217,
      "cy": 424,
      "w": 287,
      "h": 48
    },
    {
      "text": "355.2.V",
      "norm_text": "355.2.V",
      "score": 0.9801663756370544,
      "box": [
        [
          339.0,
          408.0
        ],
        [
          498.0,
          412.0
        ],
        [
          497.0,
          451.0
        ],
        [
          338.0,
          448.0
        ]
      ],
      "x1": 338,
      "y1": 408,
      "x2": 498,
      "y2": 451,
      "cx": 418,
      "cy": 429,
      "w": 160,
      "h": 43
    },
    {
      "text": "E",
      "norm_text": "E",
      "score": 0.4492191672325134,
      "box": [
        [
          25.0,
          472.0
        ],
        [
          78.0,
          459.0
        ],
        [
          85.0,
          489.0
        ],
        [
          32.0,
          502.0
        ]
      ],
      "x1": 25,
      "y1": 459,
      "x2": 85,
      "y2": 502,
      "cx": 55,
      "cy": 480,
      "w": 60,
      "h": 43
    },
    {
      "text": "动力电池系统额定容量：113.5Ah",
      "norm_text": "动力电池系统额定容量：113.5AH",
      "score": 0.9758720397949219,